{"resourceId":5,"properties":{"process_id":"Solicituddecambiosemergentesoincidencias","name":"Solicitud de cambios emergentes o incidencias","documentation":"Proceso para la Solicitud de cambios emergentes o incidencias","process_author":"","process_version":"","process_namespace":"http://www.activiti.org/processdef","executionlisteners":"{\"executionListeners\":[]}","eventlisteners":"{\"eventListeners\":[]}","signaldefinitions":"[]","messagedefinitions":"[]","executionvariables":"","metadata":""},"stencil":{"id":"BPMNDiagram"},"childShapes":[{"resourceId":"startEvent1","properties":{"overrideid":"startEvent1","name":"Inicio","documentation":"","executionlisteners":{"executionListeners":[]},"initiator":"","formkeydefinition":"","formreference":null,"fieldstovariables":"","formproperties":"","asynchronousdefinition":false,"exclusivedefinition":false},"stencil":{"id":"StartNoneEvent"},"childShapes":[],"outgoing":[{"resourceId":"sid-AABD6AC0-7337-4E16-A9C7-242C05786069"}],"bounds":{"lowerRight":{"x":75,"y":136},"upperLeft":{"x":45,"y":106}},"dockers":[]},{"resourceId":"sid-29B77807-5C3A-4BB2-BEE2-751B82BE6B56","properties":{"overrideid":"sid-29B77807-5C3A-4BB2-BEE2-751B82BE6B56","name":"Jefe Produccion","documentation":"","asynchronousdefinition":false,"exclusivedefinition":false,"executionlisteners":{"executionListeners":[]},"multiinstance_type":"None","multiinstance_cardinality":"","multiinstance_collection":"","multiinstance_variable":"","multiinstance_condition":"","isforcompensation":false,"usertasksendemail":true,"usertaskassignment":{"assignment":{"type":"idm","idm":{"assignee":{"id":4,"email":"jpezez@dominio.com","firstName":"Juan","lastName":"Perez"},"type":"user"},"initiatorCanCompleteTask":false}},"formkeydefinition":"","formreference":{"id":2,"name":"JefeProduccion_CambiosEmergentes","referenceId":null,"variablesmapping":[]},"fieldstovariables":"","duedatedefinition":"","prioritydefinition":"","categorydefinition":"","formproperties":"","tasklisteners":{"taskListeners":[]},"emailtemplate":""},"stencil":{"id":"UserTask"},"childShapes":[],"outgoing":[{"resourceId":"sid-3D4600A7-BA10-4B47-A561-D0FFE0AEAF2D"}],"bounds":{"lowerRight":{"x":430,"y":161},"upperLeft":{"x":330,"y":81}},"dockers":[]},{"resourceId":"sid-105CC269-736E-4D7F-89AB-A8730C1B6A59","properties":{"overrideid":"sid-105CC269-736E-4D7F-89AB-A8730C1B6A59","name":"","documentation":"","asynchronousdefinition":false,"exclusivedefinition":false,"sequencefloworder":"","executionlisteners":{"executionListeners":[]}},"stencil":{"id":"ExclusiveGateway"},"childShapes":[],"outgoing":[{"resourceId":"sid-7462BCD9-4BB5-4D0C-910C-5A5F2E9714C0"},{"resourceId":"sid-343AA7D3-5F84-46A7-9E58-DCB25D214B80"}],"bounds":{"lowerRight":{"x":580,"y":141},"upperLeft":{"x":540,"y":101}},"dockers":[]},{"resourceId":"sid-3D292C27-E082-4B84-855F-8D77DF31829F","properties":{"overrideid":"sid-3D292C27-E082-4B84-855F-8D77DF31829F","name":"SubGerencia Tecnologia\n","documentation":"","asynchronousdefinition":false,"exclusivedefinition":false,"executionlisteners":{"executionListeners":[]},"multiinstance_type":"None","multiinstance_cardinality":"","multiinstance_collection":"","multiinstance_variable":"","multiinstance_condition":"","isforcompensation":false,"usertasksendemail":true,"usertaskassignment":{"assignment":{"type":"idm","idm":{"assignee":{"id":3,"email":"cdiaz@dominio.com","firstName":"Christian","lastName":"Diaz"},"type":"user"},"initiatorCanCompleteTask":false}},"formkeydefinition":"","formreference":{"id":4,"name":"SubgerenciaTecnologias_CambiosEmergentes","referenceId":null,"variablesmapping":[]},"fieldstovariables":"","duedatedefinition":"","prioritydefinition":"","categorydefinition":"","formproperties":"","tasklisteners":{"taskListeners":[]},"emailtemplate":""},"stencil":{"id":"UserTask"},"childShapes":[],"outgoing":[{"resourceId":"sid-64D3DFC6-47A4-4DBF-A888-91A8504E5CC2"}],"bounds":{"lowerRight":{"x":715,"y":251},"upperLeft":{"x":615,"y":171}},"dockers":[]},{"resourceId":"sid-7462BCD9-4BB5-4D0C-910C-5A5F2E9714C0","properties":{"overrideid":"sid-7462BCD9-4BB5-4D0C-910C-5A5F2E9714C0","name":"Aprobado\n","documentation":"","conditionsequenceflow":{"expression":{"index":"0","outcomeFormId":"2","outcomeFormName":"jefeRevisionSolicitudCambiosEmergentes","rightOutcomeName":"Aprobar","operator":"==","type":"variables"}},"executionlisteners":{"executionListeners":[]},"defaultflow":"false"},"stencil":{"id":"SequenceFlow"},"childShapes":[],"outgoing":[{"resourceId":"sid-3D292C27-E082-4B84-855F-8D77DF31829F"}],"bounds":{"lowerRight":{"x":614.78125,"y":211},"upperLeft":{"x":560,"y":140.984375}},"dockers":[{"x":20,"y":20},{"x":560,"y":211},{"x":50,"y":40}],"target":{"resourceId":"sid-3D292C27-E082-4B84-855F-8D77DF31829F"}},{"resourceId":"sid-50BED2A4-F9FD-4DDF-8B9A-D8A23499600E","properties":{"overrideid":"sid-50BED2A4-F9FD-4DDF-8B9A-D8A23499600E","name":"","documentation":"","asynchronousdefinition":false,"exclusivedefinition":false,"sequencefloworder":"","executionlisteners":{"executionListeners":[]}},"stencil":{"id":"ExclusiveGateway"},"childShapes":[],"outgoing":[{"resourceId":"sid-69A75BCF-9E36-4CB3-94D2-D1B16DB0444D"},{"resourceId":"sid-1D39EEBC-D1BD-4BBE-B018-6D32B7C9EF59"}],"bounds":{"lowerRight":{"x":850,"y":231},"upperLeft":{"x":810,"y":191}},"dockers":[]},{"resourceId":"sid-64D3DFC6-47A4-4DBF-A888-91A8504E5CC2","properties":{"overrideid":"sid-64D3DFC6-47A4-4DBF-A888-91A8504E5CC2","name":"","documentation":"","conditionsequenceflow":"","executionlisteners":{"executionListeners":[]},"defaultflow":"false"},"stencil":{"id":"SequenceFlow"},"childShapes":[],"outgoing":[{"resourceId":"sid-50BED2A4-F9FD-4DDF-8B9A-D8A23499600E"}],"bounds":{"lowerRight":{"x":809.6640625,"y":211},"upperLeft":{"x":715.62890625,"y":211}},"dockers":[{"x":50,"y":40},{"x":20,"y":20}],"target":{"resourceId":"sid-50BED2A4-F9FD-4DDF-8B9A-D8A23499600E"}},{"resourceId":"sid-555500B6-EDD6-491F-8C33-6DDA97D1FF34","properties":{"overrideid":"sid-555500B6-EDD6-491F-8C33-6DDA97D1FF34","name":"Jefe Desarrollo\n","documentation":"","asynchronousdefinition":false,"exclusivedefinition":false,"executionlisteners":{"executionListeners":[]},"multiinstance_type":"None","multiinstance_cardinality":"","multiinstance_collection":"","multiinstance_variable":"","multiinstance_condition":"","isforcompensation":false,"usertasksendemail":true,"usertaskassignment":{"assignment":{"type":"idm","idm":{"type":"user","assignee":{"id":4,"firstName":"Diego","lastName":"Urgiles","email":"durgiles@dominio.com","$$hashKey":"object:622"}},"initiatorCanCompleteTask":false}},"formkeydefinition":"","formreference":{"id":1,"name":"JefaturaDesarrollo_CambiosEmergentes","referenceId":null,"variablesmapping":[]},"fieldstovariables":"","duedatedefinition":"","prioritydefinition":"","categorydefinition":"","formproperties":"","tasklisteners":{"taskListeners":[]},"emailtemplate":""},"stencil":{"id":"UserTask"},"childShapes":[],"outgoing":[{"resourceId":"sid-0A634E7D-DC9E-4C12-9FAA-F8B674B20996"}],"bounds":{"lowerRight":{"x":985,"y":311},"upperLeft":{"x":885,"y":231}},"dockers":[]},{"resourceId":"sid-69A75BCF-9E36-4CB3-94D2-D1B16DB0444D","properties":{"overrideid":"sid-69A75BCF-9E36-4CB3-94D2-D1B16DB0444D","name":"Aprobado\n","documentation":"","conditionsequenceflow":{"expression":{"index":"0","outcomeFormId":"4","outcomeFormName":"SolicitudCambiosEmergentesSubgerencia","rightOutcomeName":"Aprobar","operator":"==","type":"variables"}},"executionlisteners":{"executionListeners":[]},"defaultflow":"false"},"stencil":{"id":"SequenceFlow"},"childShapes":[],"outgoing":[{"resourceId":"sid-555500B6-EDD6-491F-8C33-6DDA97D1FF34"}],"bounds":{"lowerRight":{"x":884.19921875,"y":271},"upperLeft":{"x":830.1645830439966,"y":230.74996527958612}},"dockers":[{"x":20,"y":20},{"x":830.5,"y":271},{"x":50,"y":40}],"target":{"resourceId":"sid-555500B6-EDD6-491F-8C33-6DDA97D1FF34"}},{"resourceId":"sid-CDF08867-E55D-47E4-8CFD-F42C93434552","properties":{"overrideid":"","name":"Solicitud\n","documentation":"","asynchronousdefinition":"false","exclusivedefinition":"false","executionlisteners":"","multiinstance_type":"None","multiinstance_cardinality":"","multiinstance_collection":"","multiinstance_variable":"","multiinstance_condition":"","isforcompensation":"false","usertasksendemail":true,"usertaskassignment":"","formkeydefinition":"","formreference":{"id":3,"name":"SolicitudCambiosEmergentes","referenceId":null,"variablesmapping":[]},"fieldstovariables":"","duedatedefinition":"","prioritydefinition":"","categorydefinition":"","formproperties":"","tasklisteners":"","emailtemplate":""},"stencil":{"id":"UserTask"},"childShapes":[],"outgoing":[{"resourceId":"sid-012E9915-EDE2-454D-8B69-5C2D5BF72E6E"}],"bounds":{"lowerRight":{"x":220,"y":161},"upperLeft":{"x":120,"y":81}},"dockers":[]},{"resourceId":"sid-1D39EEBC-D1BD-4BBE-B018-6D32B7C9EF59","properties":{"overrideid":"sid-1D39EEBC-D1BD-4BBE-B018-6D32B7C9EF59","name":"Rechazado","documentation":"","conditionsequenceflow":{"expression":{"index":"0","outcomeFormId":"4","outcomeFormName":"SolicitudCambiosEmergentesSubgerencia","rightOutcomeName":"Rechazar","operator":"==","type":"variables"}},"executionlisteners":{"executionListeners":[]},"defaultflow":"false","showdiamondmarker":false},"stencil":{"id":"SequenceFlow"},"childShapes":[],"outgoing":[{"resourceId":"sid-CDF08867-E55D-47E4-8CFD-F42C93434552"}],"bounds":{"lowerRight":{"x":830.5,"y":190.91016006549052},"upperLeft":{"x":170,"y":30}},"dockers":[{"x":20,"y":20},{"x":830.5,"y":30},{"x":170,"y":30},{"x":50,"y":1}],"target":{"resourceId":"sid-CDF08867-E55D-47E4-8CFD-F42C93434552"}},{"resourceId":"sid-012E9915-EDE2-454D-8B69-5C2D5BF72E6E","properties":{"overrideid":"","name":"","documentation":"","conditionsequenceflow":{"expression":{"type":"variables","outcomeFormId":3,"outcomeFormName":"SolicitudCambiosEmergentes","operator":"==","rightOutcomeFormId":3,"rightOutcomeFormName":"SolicitudCambiosEmergentes","rightOutcomeName":"Enviar a revision"}},"executionlisteners":"","defaultflow":"false"},"stencil":{"id":"SequenceFlow"},"childShapes":[],"outgoing":[{"resourceId":"sid-29B77807-5C3A-4BB2-BEE2-751B82BE6B56"}],"bounds":{"lowerRight":{"x":329.78125,"y":121},"upperLeft":{"x":220.21875,"y":121}},"dockers":[{"x":50,"y":40},{"x":50,"y":40}],"target":{"resourceId":"sid-29B77807-5C3A-4BB2-BEE2-751B82BE6B56"}},{"resourceId":"sid-3D4600A7-BA10-4B47-A561-D0FFE0AEAF2D","properties":{"overrideid":"sid-3D4600A7-BA10-4B47-A561-D0FFE0AEAF2D","name":"","documentation":"","conditionsequenceflow":"","executionlisteners":{"executionListeners":[]},"defaultflow":"false"},"stencil":{"id":"SequenceFlow"},"childShapes":[],"outgoing":[{"resourceId":"sid-105CC269-736E-4D7F-89AB-A8730C1B6A59"}],"bounds":{"lowerRight":{"x":540.015625,"y":121},"upperLeft":{"x":430.21875,"y":121}},"dockers":[{"x":50,"y":40},{"x":20,"y":20}],"target":{"resourceId":"sid-105CC269-736E-4D7F-89AB-A8730C1B6A59"}},{"resourceId":"sid-343AA7D3-5F84-46A7-9E58-DCB25D214B80","properties":{"overrideid":"sid-343AA7D3-5F84-46A7-9E58-DCB25D214B80","name":"Rechazado","documentation":"","conditionsequenceflow":{"expression":{"index":"0","outcomeFormId":"2","outcomeFormName":"jefeRevisionSolicitudCambiosEmergentes","rightOutcomeName":"Rechazar","operator":"==","type":"variables"}},"executionlisteners":{"executionListeners":[]},"defaultflow":"false","showdiamondmarker":false},"stencil":{"id":"SequenceFlow"},"childShapes":[],"outgoing":[{"resourceId":"sid-CDF08867-E55D-47E4-8CFD-F42C93434552"}],"bounds":{"lowerRight":{"x":560,"y":100.875},"upperLeft":{"x":195,"y":53}},"dockers":[{"x":20,"y":20},{"x":560,"y":53},{"x":195,"y":53},{"x":75,"y":1}],"target":{"resourceId":"sid-CDF08867-E55D-47E4-8CFD-F42C93434552"}},{"resourceId":"sid-AABD6AC0-7337-4E16-A9C7-242C05786069","properties":{"overrideid":"sid-AABD6AC0-7337-4E16-A9C7-242C05786069","name":"","documentation":"","conditionsequenceflow":"","executionlisteners":{"executionListeners":[]},"defaultflow":"false","showdiamondmarker":false},"stencil":{"id":"SequenceFlow"},"childShapes":[],"outgoing":[{"resourceId":"sid-CDF08867-E55D-47E4-8CFD-F42C93434552"}],"bounds":{"lowerRight":{"x":120,"y":121},"upperLeft":{"x":75.296875,"y":121}},"dockers":[{"x":15,"y":15},{"x":1,"y":40}],"target":{"resourceId":"sid-CDF08867-E55D-47E4-8CFD-F42C93434552"}},{"resourceId":"sid-D164D77B-E5C9-4992-B3B9-1404005CD327","properties":{"overrideid":"","name":"","documentation":"","asynchronousdefinition":"false","exclusivedefinition":"false","sequencefloworder":""},"stencil":{"id":"ExclusiveGateway"},"childShapes":[],"outgoing":[{"resourceId":"sid-5FDA4869-1872-4A71-938D-8A1743CC882C"},{"resourceId":"sid-E7ACDAB5-283A-4E48-B8E8-6F12F5C38D1E"}],"bounds":{"lowerRight":{"x":1075,"y":291},"upperLeft":{"x":1035,"y":251}},"dockers":[]},{"resourceId":"sid-0A634E7D-DC9E-4C12-9FAA-F8B674B20996","properties":{"overrideid":"","name":"","documentation":"","conditionsequenceflow":"","executionlisteners":"","defaultflow":"false"},"stencil":{"id":"SequenceFlow"},"childShapes":[],"outgoing":[{"resourceId":"sid-D164D77B-E5C9-4992-B3B9-1404005CD327"}],"bounds":{"lowerRight":{"x":1034.730477358556,"y":271.4138194081268},"upperLeft":{"x":985.8945226414439,"y":271.2111805918732}},"dockers":[{"x":50,"y":40},{"x":20.5,"y":20.5}],"target":{"resourceId":"sid-D164D77B-E5C9-4992-B3B9-1404005CD327"}},{"resourceId":"sid-80040291-E5B7-4128-8C8F-DBC4AC1B7D89","properties":{"overrideid":"","name":"","documentation":"","executionlisteners":""},"stencil":{"id":"EndNoneEvent"},"childShapes":[],"outgoing":[],"bounds":{"lowerRight":{"x":1160,"y":285},"upperLeft":{"x":1132,"y":257}},"dockers":[]},{"resourceId":"sid-5FDA4869-1872-4A71-938D-8A1743CC882C","properties":{"overrideid":"","name":"Guardar","documentation":"","conditionsequenceflow":{"expression":{"type":"variables","outcomeFormId":1,"outcomeFormName":"JefaturaDesarrollo_CambiosEmergentes","operator":"==","rightOutcomeFormId":1,"rightOutcomeFormName":"JefaturaDesarrollo_CambiosEmergentes","rightOutcomeName":"Guardar"}},"executionlisteners":"","defaultflow":"false","showdiamondmarker":false},"stencil":{"id":"SequenceFlow"},"childShapes":[],"outgoing":[{"resourceId":"sid-555500B6-EDD6-491F-8C33-6DDA97D1FF34"}],"bounds":{"lowerRight":{"x":1055.5,"y":250.375},"upperLeft":{"x":935,"y":191}},"dockers":[{"x":20.5,"y":20.5},{"x":1055.5,"y":191},{"x":935,"y":191},{"x":50,"y":1}],"target":{"resourceId":"sid-555500B6-EDD6-491F-8C33-6DDA97D1FF34"}},{"resourceId":"sid-E7ACDAB5-283A-4E48-B8E8-6F12F5C38D1E","properties":{"overrideid":"","name":"Finalizar","documentation":"","conditionsequenceflow":{"expression":{"type":"variables","leftFormFieldId":"estado_LABEL","operator":"==","rightValue":"Finalizada"}},"executionlisteners":"","defaultflow":"false"},"stencil":{"id":"SequenceFlow"},"childShapes":[],"outgoing":[{"resourceId":"sid-80040291-E5B7-4128-8C8F-DBC4AC1B7D89"}],"bounds":{"lowerRight":{"x":1131.5664215117,"y":271.3890064724403},"upperLeft":{"x":1075.5898284883,"y":271.0797435275597}},"dockers":[{"x":20.5,"y":20.5},{"x":14,"y":14}],"target":{"resourceId":"sid-80040291-E5B7-4128-8C8F-DBC4AC1B7D89"}}],"bounds":{"lowerRight":{"x":1260,"y":1050},"upperLeft":{"x":0,"y":0}},"stencilset":{"url":"stencilsets/bpmn2.0/bpmn2.0.json","namespace":"http://b3mn.org/stencilset/bpmn2.0#"},"ssextensions":[]}