<?xml version='1.0' encoding='UTF-8'?>
<definitions xmlns="http://www.omg.org/spec/BPMN/20100524/MODEL" xmlns:xsi="http://www.w3.org/2001/XMLSchema-instance" xmlns:xsd="http://www.w3.org/2001/XMLSchema" xmlns:activiti="http://activiti.org/bpmn" xmlns:bpmndi="http://www.omg.org/spec/BPMN/20100524/DI" xmlns:omgdc="http://www.omg.org/spec/DD/20100524/DC" xmlns:omgdi="http://www.omg.org/spec/DD/20100524/DI" typeLanguage="http://www.w3.org/2001/XMLSchema" expressionLanguage="http://www.w3.org/1999/XPath" targetNamespace="http://www.activiti.org/processdef" xmlns:modeler="http://activiti.com/modeler" modeler:version="1.0en" modeler:exportDateTime="20180109232206885" modeler:modelId="5" modeler:modelVersion="5" modeler:modelLastUpdated="1515539875462">
  <process id="Solicituddecambiosemergentesoincidencias" name="Solicitud de cambios emergentes o incidencias" isExecutable="true">
    <documentation>Proceso para la Solicitud de cambios emergentes o incidencias</documentation>
    <startEvent id="startEvent1" name="Inicio">
      <extensionElements>
        <modeler:editor-resource-id><![CDATA[startEvent1]]></modeler:editor-resource-id>
      </extensionElements>
    </startEvent>
    <userTask id="sid-29B77807-5C3A-4BB2-BEE2-751B82BE6B56" name="Jefe Produccion" activiti:async="true" activiti:exclusive="false" activiti:assignee="4" activiti:formKey="2">
      <extensionElements>
        <activiti:executionListener event="start" class="com.activiti.runtime.activiti.ContentProcessorExecutionListener">
          <activiti:field name="externalContentHandler">
            <activiti:expression><![CDATA[${externalContentHandler}]]></activiti:expression>
          </activiti:field>
        </activiti:executionListener>
        <modeler:allow-send-email><![CDATA[true]]></modeler:allow-send-email>
        <modeler:form-reference-id><![CDATA[2]]></modeler:form-reference-id>
        <modeler:form-reference-name><![CDATA[JefeProduccion_CambiosEmergentes]]></modeler:form-reference-name>
        <modeler:activiti-idm-assignee><![CDATA[true]]></modeler:activiti-idm-assignee>
        <modeler:assignee-info-email><![CDATA[durgiles@dominio.com]]></modeler:assignee-info-email>
        <modeler:assignee-info-firstname><![CDATA[Juan]]></modeler:assignee-info-firstname>
        <modeler:assignee-info-lastname><![CDATA[Perez]]></modeler:assignee-info-lastname>
        <modeler:initiator-can-complete><![CDATA[false]]></modeler:initiator-can-complete>
        <modeler:editor-resource-id><![CDATA[sid-29B77807-5C3A-4BB2-BEE2-751B82BE6B56]]></modeler:editor-resource-id>
        <modeler:ignore-listener-on-import><![CDATA[com.activiti.runtime.activiti.ContentProcessorExecutionListener]]></modeler:ignore-listener-on-import>
      </extensionElements>
    </userTask>
    <exclusiveGateway id="sid-105CC269-736E-4D7F-89AB-A8730C1B6A59" activiti:async="true" activiti:exclusive="false">
      <extensionElements>
        <activiti:executionListener event="start" class="com.activiti.runtime.activiti.ContentProcessorExecutionListener">
          <activiti:field name="externalContentHandler">
            <activiti:expression><![CDATA[${externalContentHandler}]]></activiti:expression>
          </activiti:field>
        </activiti:executionListener>
        <modeler:editor-resource-id><![CDATA[sid-105CC269-736E-4D7F-89AB-A8730C1B6A59]]></modeler:editor-resource-id>
        <modeler:ignore-listener-on-import><![CDATA[com.activiti.runtime.activiti.ContentProcessorExecutionListener]]></modeler:ignore-listener-on-import>
      </extensionElements>
    </exclusiveGateway>
    <userTask id="sid-3D292C27-E082-4B84-855F-8D77DF31829F" name="SubGerencia Tecnologia&#xa;" activiti:assignee="3" activiti:formKey="4">
      <extensionElements>
        <modeler:allow-send-email><![CDATA[true]]></modeler:allow-send-email>
        <modeler:form-reference-id><![CDATA[4]]></modeler:form-reference-id>
        <modeler:form-reference-name><![CDATA[SubgerenciaTecnologias_CambiosEmergentes]]></modeler:form-reference-name>
        <modeler:activiti-idm-assignee><![CDATA[true]]></modeler:activiti-idm-assignee>
        <modeler:assignee-info-email><![CDATA[jperez@dominio.com]]></modeler:assignee-info-email>
        <modeler:assignee-info-firstname><![CDATA[Christian]]></modeler:assignee-info-firstname>
        <modeler:assignee-info-lastname><![CDATA[Diaz]]></modeler:assignee-info-lastname>
        <modeler:initiator-can-complete><![CDATA[false]]></modeler:initiator-can-complete>
        <modeler:editor-resource-id><![CDATA[sid-3D292C27-E082-4B84-855F-8D77DF31829F]]></modeler:editor-resource-id>
      </extensionElements>
    </userTask>
    <sequenceFlow id="sid-7462BCD9-4BB5-4D0C-910C-5A5F2E9714C0" name="Aprobado&#xa;" sourceRef="sid-105CC269-736E-4D7F-89AB-A8730C1B6A59" targetRef="sid-3D292C27-E082-4B84-855F-8D77DF31829F">
      <extensionElements>
        <modeler:conditionDefinition modeler:index="0" modeler:outcomeFormId="2" modeler:outcomeFormName="jefeRevisionSolicitudCambiosEmergentes" modeler:rightOutcomeName="Aprobar" modeler:operator="=="/>
        <modeler:editor-resource-id><![CDATA[sid-7462BCD9-4BB5-4D0C-910C-5A5F2E9714C0]]></modeler:editor-resource-id>
      </extensionElements>
      <conditionExpression xsi:type="tFormalExpression"><![CDATA[${(activiti_flowConditionsBean.exists(execution, 'form2outcome') && form2outcome == 'Aprobar')}]]></conditionExpression>
    </sequenceFlow>
    <exclusiveGateway id="sid-50BED2A4-F9FD-4DDF-8B9A-D8A23499600E" activiti:async="true" activiti:exclusive="false">
      <extensionElements>
        <activiti:executionListener event="start" class="com.activiti.runtime.activiti.ContentProcessorExecutionListener">
          <activiti:field name="externalContentHandler">
            <activiti:expression><![CDATA[${externalContentHandler}]]></activiti:expression>
          </activiti:field>
        </activiti:executionListener>
        <modeler:editor-resource-id><![CDATA[sid-50BED2A4-F9FD-4DDF-8B9A-D8A23499600E]]></modeler:editor-resource-id>
        <modeler:ignore-listener-on-import><![CDATA[com.activiti.runtime.activiti.ContentProcessorExecutionListener]]></modeler:ignore-listener-on-import>
      </extensionElements>
    </exclusiveGateway>
    <sequenceFlow id="sid-64D3DFC6-47A4-4DBF-A888-91A8504E5CC2" sourceRef="sid-3D292C27-E082-4B84-855F-8D77DF31829F" targetRef="sid-50BED2A4-F9FD-4DDF-8B9A-D8A23499600E">
      <extensionElements>
        <modeler:editor-resource-id><![CDATA[sid-64D3DFC6-47A4-4DBF-A888-91A8504E5CC2]]></modeler:editor-resource-id>
      </extensionElements>
    </sequenceFlow>
    <userTask id="sid-555500B6-EDD6-491F-8C33-6DDA97D1FF34" name="Jefe Desarrollo&#xa;" activiti:assignee="4" activiti:formKey="1">
      <extensionElements>
        <modeler:allow-send-email><![CDATA[true]]></modeler:allow-send-email>
        <modeler:form-reference-id><![CDATA[1]]></modeler:form-reference-id>
        <modeler:form-reference-name><![CDATA[JefaturaDesarrollo_CambiosEmergentes]]></modeler:form-reference-name>
        <modeler:activiti-idm-assignee><![CDATA[true]]></modeler:activiti-idm-assignee>
        <modeler:assignee-info-email><![CDATA[durgiles@dominio.com]]></modeler:assignee-info-email>
        <modeler:assignee-info-firstname><![CDATA[Diego]]></modeler:assignee-info-firstname>
        <modeler:assignee-info-lastname><![CDATA[Urgiles]]></modeler:assignee-info-lastname>
        <modeler:initiator-can-complete><![CDATA[false]]></modeler:initiator-can-complete>
        <modeler:editor-resource-id><![CDATA[sid-555500B6-EDD6-491F-8C33-6DDA97D1FF34]]></modeler:editor-resource-id>
      </extensionElements>
    </userTask>
    <sequenceFlow id="sid-69A75BCF-9E36-4CB3-94D2-D1B16DB0444D" name="Aprobado&#xa;" sourceRef="sid-50BED2A4-F9FD-4DDF-8B9A-D8A23499600E" targetRef="sid-555500B6-EDD6-491F-8C33-6DDA97D1FF34">
      <extensionElements>
        <modeler:conditionDefinition modeler:index="0" modeler:outcomeFormId="4" modeler:outcomeFormName="SolicitudCambiosEmergentesSubgerencia" modeler:rightOutcomeName="Aprobar" modeler:operator="=="/>
        <modeler:editor-resource-id><![CDATA[sid-69A75BCF-9E36-4CB3-94D2-D1B16DB0444D]]></modeler:editor-resource-id>
      </extensionElements>
      <conditionExpression xsi:type="tFormalExpression"><![CDATA[${(activiti_flowConditionsBean.exists(execution, 'form4outcome') && form4outcome == 'Aprobar')}]]></conditionExpression>
    </sequenceFlow>
    <userTask id="sid-CDF08867-E55D-47E4-8CFD-F42C93434552" name="Solicitud&#xa;" activiti:assignee="$INITIATOR" activiti:formKey="3">
      <extensionElements>
        <modeler:allow-send-email><![CDATA[true]]></modeler:allow-send-email>
        <modeler:form-reference-id><![CDATA[3]]></modeler:form-reference-id>
        <modeler:form-reference-name><![CDATA[SolicitudCambiosEmergentes]]></modeler:form-reference-name>
        <modeler:activiti-idm-initiator><![CDATA[true]]></modeler:activiti-idm-initiator>
        <modeler:editor-resource-id><![CDATA[sid-CDF08867-E55D-47E4-8CFD-F42C93434552]]></modeler:editor-resource-id>
      </extensionElements>
    </userTask>
    <sequenceFlow id="sid-1D39EEBC-D1BD-4BBE-B018-6D32B7C9EF59" name="Rechazado" sourceRef="sid-50BED2A4-F9FD-4DDF-8B9A-D8A23499600E" targetRef="sid-CDF08867-E55D-47E4-8CFD-F42C93434552">
      <extensionElements>
        <modeler:conditionDefinition modeler:index="0" modeler:outcomeFormId="4" modeler:outcomeFormName="SolicitudCambiosEmergentesSubgerencia" modeler:rightOutcomeName="Rechazar" modeler:operator="=="/>
        <modeler:editor-resource-id><![CDATA[sid-1D39EEBC-D1BD-4BBE-B018-6D32B7C9EF59]]></modeler:editor-resource-id>
      </extensionElements>
      <conditionExpression xsi:type="tFormalExpression"><![CDATA[${(activiti_flowConditionsBean.exists(execution, 'form4outcome') && form4outcome == 'Rechazar')}]]></conditionExpression>
    </sequenceFlow>
    <sequenceFlow id="sid-012E9915-EDE2-454D-8B69-5C2D5BF72E6E" sourceRef="sid-CDF08867-E55D-47E4-8CFD-F42C93434552" targetRef="sid-29B77807-5C3A-4BB2-BEE2-751B82BE6B56">
      <extensionElements>
        <modeler:conditionDefinition modeler:index="0" modeler:outcomeFormId="3" modeler:outcomeFormName="SolicitudCambiosEmergentes" modeler:rightOutcomeName="Enviar a revision" modeler:operator="=="/>
        <modeler:editor-resource-id><![CDATA[sid-012E9915-EDE2-454D-8B69-5C2D5BF72E6E]]></modeler:editor-resource-id>
      </extensionElements>
      <conditionExpression xsi:type="tFormalExpression"><![CDATA[${(activiti_flowConditionsBean.exists(execution, 'form3outcome') && form3outcome == 'Enviar a revision')}]]></conditionExpression>
    </sequenceFlow>
    <sequenceFlow id="sid-3D4600A7-BA10-4B47-A561-D0FFE0AEAF2D" sourceRef="sid-29B77807-5C3A-4BB2-BEE2-751B82BE6B56" targetRef="sid-105CC269-736E-4D7F-89AB-A8730C1B6A59">
      <extensionElements>
        <modeler:editor-resource-id><![CDATA[sid-3D4600A7-BA10-4B47-A561-D0FFE0AEAF2D]]></modeler:editor-resource-id>
      </extensionElements>
    </sequenceFlow>
    <sequenceFlow id="sid-343AA7D3-5F84-46A7-9E58-DCB25D214B80" name="Rechazado" sourceRef="sid-105CC269-736E-4D7F-89AB-A8730C1B6A59" targetRef="sid-CDF08867-E55D-47E4-8CFD-F42C93434552">
      <extensionElements>
        <modeler:conditionDefinition modeler:index="0" modeler:outcomeFormId="2" modeler:outcomeFormName="jefeRevisionSolicitudCambiosEmergentes" modeler:rightOutcomeName="Rechazar" modeler:operator="=="/>
        <modeler:editor-resource-id><![CDATA[sid-343AA7D3-5F84-46A7-9E58-DCB25D214B80]]></modeler:editor-resource-id>
      </extensionElements>
      <conditionExpression xsi:type="tFormalExpression"><![CDATA[${(activiti_flowConditionsBean.exists(execution, 'form2outcome') && form2outcome == 'Rechazar')}]]></conditionExpression>
    </sequenceFlow>
    <sequenceFlow id="sid-AABD6AC0-7337-4E16-A9C7-242C05786069" sourceRef="startEvent1" targetRef="sid-CDF08867-E55D-47E4-8CFD-F42C93434552">
      <extensionElements>
        <modeler:editor-resource-id><![CDATA[sid-AABD6AC0-7337-4E16-A9C7-242C05786069]]></modeler:editor-resource-id>
      </extensionElements>
    </sequenceFlow>
    <exclusiveGateway id="sid-D164D77B-E5C9-4992-B3B9-1404005CD327" activiti:async="true" activiti:exclusive="false">
      <extensionElements>
        <activiti:executionListener event="start" class="com.activiti.runtime.activiti.ContentProcessorExecutionListener">
          <activiti:field name="externalContentHandler">
            <activiti:expression><![CDATA[${externalContentHandler}]]></activiti:expression>
          </activiti:field>
        </activiti:executionListener>
        <modeler:editor-resource-id><![CDATA[sid-D164D77B-E5C9-4992-B3B9-1404005CD327]]></modeler:editor-resource-id>
        <modeler:ignore-listener-on-import><![CDATA[com.activiti.runtime.activiti.ContentProcessorExecutionListener]]></modeler:ignore-listener-on-import>
      </extensionElements>
    </exclusiveGateway>
    <sequenceFlow id="sid-0A634E7D-DC9E-4C12-9FAA-F8B674B20996" sourceRef="sid-555500B6-EDD6-491F-8C33-6DDA97D1FF34" targetRef="sid-D164D77B-E5C9-4992-B3B9-1404005CD327">
      <extensionElements>
        <modeler:editor-resource-id><![CDATA[sid-0A634E7D-DC9E-4C12-9FAA-F8B674B20996]]></modeler:editor-resource-id>
      </extensionElements>
    </sequenceFlow>
    <endEvent id="sid-80040291-E5B7-4128-8C8F-DBC4AC1B7D89">
      <extensionElements>
        <modeler:editor-resource-id><![CDATA[sid-80040291-E5B7-4128-8C8F-DBC4AC1B7D89]]></modeler:editor-resource-id>
      </extensionElements>
    </endEvent>
    <sequenceFlow id="sid-5FDA4869-1872-4A71-938D-8A1743CC882C" name="Guardar" sourceRef="sid-D164D77B-E5C9-4992-B3B9-1404005CD327" targetRef="sid-555500B6-EDD6-491F-8C33-6DDA97D1FF34">
      <extensionElements>
        <modeler:conditionDefinition modeler:index="0" modeler:outcomeFormId="1" modeler:outcomeFormName="JefaturaDesarrollo_CambiosEmergentes" modeler:rightOutcomeName="Guardar" modeler:operator="=="/>
        <modeler:editor-resource-id><![CDATA[sid-5FDA4869-1872-4A71-938D-8A1743CC882C]]></modeler:editor-resource-id>
      </extensionElements>
      <conditionExpression xsi:type="tFormalExpression"><![CDATA[${(activiti_flowConditionsBean.exists(execution, 'form1outcome') && form1outcome == 'Guardar')}]]></conditionExpression>
    </sequenceFlow>
    <sequenceFlow id="sid-E7ACDAB5-283A-4E48-B8E8-6F12F5C38D1E" name="Finalizar" sourceRef="sid-D164D77B-E5C9-4992-B3B9-1404005CD327" targetRef="sid-80040291-E5B7-4128-8C8F-DBC4AC1B7D89">
      <extensionElements>
        <modeler:conditionDefinition modeler:index="0" modeler:leftFormFieldId="estado_LABEL" modeler:rightValue="Finalizada" modeler:operator="=="/>
        <modeler:editor-resource-id><![CDATA[sid-E7ACDAB5-283A-4E48-B8E8-6F12F5C38D1E]]></modeler:editor-resource-id>
      </extensionElements>
      <conditionExpression xsi:type="tFormalExpression"><![CDATA[${(activiti_flowConditionsBean.exists(execution, 'estado_LABEL') && estado_LABEL == 'Finalizada')}]]></conditionExpression>
    </sequenceFlow>
  </process>
  <bpmndi:BPMNDiagram id="BPMNDiagram_Solicituddecambiosemergentesoincidencias">
    <bpmndi:BPMNPlane bpmnElement="Solicituddecambiosemergentesoincidencias" id="BPMNPlane_Solicituddecambiosemergentesoincidencias">
      <bpmndi:BPMNShape bpmnElement="startEvent1" id="BPMNShape_startEvent1">
        <omgdc:Bounds height="30.0" width="30.0" x="45.0" y="106.0"/>
      </bpmndi:BPMNShape>
      <bpmndi:BPMNShape bpmnElement="sid-29B77807-5C3A-4BB2-BEE2-751B82BE6B56" id="BPMNShape_sid-29B77807-5C3A-4BB2-BEE2-751B82BE6B56">
        <omgdc:Bounds height="80.0" width="100.0" x="330.0" y="81.0"/>
      </bpmndi:BPMNShape>
      <bpmndi:BPMNShape bpmnElement="sid-105CC269-736E-4D7F-89AB-A8730C1B6A59" id="BPMNShape_sid-105CC269-736E-4D7F-89AB-A8730C1B6A59">
        <omgdc:Bounds height="40.0" width="40.0" x="540.0" y="101.0"/>
      </bpmndi:BPMNShape>
      <bpmndi:BPMNShape bpmnElement="sid-3D292C27-E082-4B84-855F-8D77DF31829F" id="BPMNShape_sid-3D292C27-E082-4B84-855F-8D77DF31829F">
        <omgdc:Bounds height="80.0" width="100.0" x="615.0" y="171.0"/>
      </bpmndi:BPMNShape>
      <bpmndi:BPMNShape bpmnElement="sid-50BED2A4-F9FD-4DDF-8B9A-D8A23499600E" id="BPMNShape_sid-50BED2A4-F9FD-4DDF-8B9A-D8A23499600E">
        <omgdc:Bounds height="40.0" width="40.0" x="810.0" y="191.0"/>
      </bpmndi:BPMNShape>
      <bpmndi:BPMNShape bpmnElement="sid-555500B6-EDD6-491F-8C33-6DDA97D1FF34" id="BPMNShape_sid-555500B6-EDD6-491F-8C33-6DDA97D1FF34">
        <omgdc:Bounds height="80.0" width="100.0" x="885.0" y="231.0"/>
      </bpmndi:BPMNShape>
      <bpmndi:BPMNShape bpmnElement="sid-CDF08867-E55D-47E4-8CFD-F42C93434552" id="BPMNShape_sid-CDF08867-E55D-47E4-8CFD-F42C93434552">
        <omgdc:Bounds height="80.0" width="100.0" x="120.0" y="81.0"/>
      </bpmndi:BPMNShape>
      <bpmndi:BPMNShape bpmnElement="sid-D164D77B-E5C9-4992-B3B9-1404005CD327" id="BPMNShape_sid-D164D77B-E5C9-4992-B3B9-1404005CD327">
        <omgdc:Bounds height="40.0" width="40.0" x="1035.0" y="251.0"/>
      </bpmndi:BPMNShape>
      <bpmndi:BPMNShape bpmnElement="sid-80040291-E5B7-4128-8C8F-DBC4AC1B7D89" id="BPMNShape_sid-80040291-E5B7-4128-8C8F-DBC4AC1B7D89">
        <omgdc:Bounds height="28.0" width="28.0" x="1132.0" y="257.0"/>
      </bpmndi:BPMNShape>
      <bpmndi:BPMNEdge bpmnElement="sid-7462BCD9-4BB5-4D0C-910C-5A5F2E9714C0" id="BPMNEdge_sid-7462BCD9-4BB5-4D0C-910C-5A5F2E9714C0">
        <omgdi:waypoint x="560.0" y="141.0"/>
        <omgdi:waypoint x="560.0" y="211.0"/>
        <omgdi:waypoint x="615.0" y="211.0"/>
      </bpmndi:BPMNEdge>
      <bpmndi:BPMNEdge bpmnElement="sid-1D39EEBC-D1BD-4BBE-B018-6D32B7C9EF59" id="BPMNEdge_sid-1D39EEBC-D1BD-4BBE-B018-6D32B7C9EF59">
        <omgdi:waypoint x="830.0550964187328" y="191.05509641873277"/>
        <omgdi:waypoint x="830.5" y="30.0"/>
        <omgdi:waypoint x="170.0" y="30.0"/>
        <omgdi:waypoint x="170.0" y="81.0"/>
      </bpmndi:BPMNEdge>
      <bpmndi:BPMNEdge bpmnElement="sid-012E9915-EDE2-454D-8B69-5C2D5BF72E6E" id="BPMNEdge_sid-012E9915-EDE2-454D-8B69-5C2D5BF72E6E">
        <omgdi:waypoint x="220.0" y="121.0"/>
        <omgdi:waypoint x="330.0" y="121.0"/>
      </bpmndi:BPMNEdge>
      <bpmndi:BPMNEdge bpmnElement="sid-E7ACDAB5-283A-4E48-B8E8-6F12F5C38D1E" id="BPMNEdge_sid-E7ACDAB5-283A-4E48-B8E8-6F12F5C38D1E">
        <omgdi:waypoint x="1074.6055555555556" y="271.39444444444445"/>
        <omgdi:waypoint x="1132.0002136638" y="271.07734688583537"/>
      </bpmndi:BPMNEdge>
      <bpmndi:BPMNEdge bpmnElement="sid-69A75BCF-9E36-4CB3-94D2-D1B16DB0444D" id="BPMNEdge_sid-69A75BCF-9E36-4CB3-94D2-D1B16DB0444D">
        <omgdi:waypoint x="830.1652892561983" y="230.83471074380165"/>
        <omgdi:waypoint x="830.5" y="271.0"/>
        <omgdi:waypoint x="885.0" y="271.0"/>
      </bpmndi:BPMNEdge>
      <bpmndi:BPMNEdge bpmnElement="sid-5FDA4869-1872-4A71-938D-8A1743CC882C" id="BPMNEdge_sid-5FDA4869-1872-4A71-938D-8A1743CC882C">
        <omgdi:waypoint x="1055.5" y="251.5"/>
        <omgdi:waypoint x="1055.5" y="191.0"/>
        <omgdi:waypoint x="935.0" y="191.0"/>
        <omgdi:waypoint x="935.0" y="231.0"/>
      </bpmndi:BPMNEdge>
      <bpmndi:BPMNEdge bpmnElement="sid-3D4600A7-BA10-4B47-A561-D0FFE0AEAF2D" id="BPMNEdge_sid-3D4600A7-BA10-4B47-A561-D0FFE0AEAF2D">
        <omgdi:waypoint x="430.0" y="121.0"/>
        <omgdi:waypoint x="540.0" y="121.0"/>
      </bpmndi:BPMNEdge>
      <bpmndi:BPMNEdge bpmnElement="sid-0A634E7D-DC9E-4C12-9FAA-F8B674B20996" id="BPMNEdge_sid-0A634E7D-DC9E-4C12-9FAA-F8B674B20996">
        <omgdi:waypoint x="985.0" y="271.20746887966806"/>
        <omgdi:waypoint x="1035.4166666666667" y="271.4166666666667"/>
      </bpmndi:BPMNEdge>
      <bpmndi:BPMNEdge bpmnElement="sid-AABD6AC0-7337-4E16-A9C7-242C05786069" id="BPMNEdge_sid-AABD6AC0-7337-4E16-A9C7-242C05786069">
        <omgdi:waypoint x="75.0" y="121.0"/>
        <omgdi:waypoint x="120.0" y="121.0"/>
      </bpmndi:BPMNEdge>
      <bpmndi:BPMNEdge bpmnElement="sid-64D3DFC6-47A4-4DBF-A888-91A8504E5CC2" id="BPMNEdge_sid-64D3DFC6-47A4-4DBF-A888-91A8504E5CC2">
        <omgdi:waypoint x="715.0" y="211.0"/>
        <omgdi:waypoint x="810.0" y="211.0"/>
      </bpmndi:BPMNEdge>
      <bpmndi:BPMNEdge bpmnElement="sid-343AA7D3-5F84-46A7-9E58-DCB25D214B80" id="BPMNEdge_sid-343AA7D3-5F84-46A7-9E58-DCB25D214B80">
        <omgdi:waypoint x="560.0" y="101.0"/>
        <omgdi:waypoint x="560.0" y="53.0"/>
        <omgdi:waypoint x="195.0" y="53.0"/>
        <omgdi:waypoint x="195.0" y="81.0"/>
      </bpmndi:BPMNEdge>
    </bpmndi:BPMNPlane>
  </bpmndi:BPMNDiagram>
</definitions>